variant,instance_name,dim,cp_median_time,milp_median_time,cp_std_time,milp_std_time
basic_jssp,la01,10x5,57.865762,22.237585,0.522173,1.767357
basic_jssp,la02,10x5,132.409383,18.425742,10.032509,0.170166
basic_jssp,la03,10x5,385.371118,15.991269,15.249953,0.154036
basic_jssp,la04,10x5,449.353909,15.110917,61.607653,0.11601
basic_jssp,la05,10x5,112.394871,21.688481,5.851945,0.159157
basic_jssp,la06,15x5,600.12954,610.858884,0.00356,0.14932
basic_jssp,la07,15x5,600.144127,611.252967,0.006599,0.280676
basic_jssp,la08,15x5,600.128567,610.937729,0.103479,1.165385
basic_jssp,la09,15x5,600.16414,610.926939,0.022012,0.220964
basic_jssp,la10,15x5,600.127002,611.137865,0.054995,0.265022
basic_jssp,la11,20x5,600.212295,619.636514,0.004853,0.177876
basic_jssp,la12,20x5,600.196464,619.879454,0.010856,0.299178
basic_jssp,la13,20x5,600.194824,619.553486,0.009845,0.251992
basic_jssp,la14,20x5,600.264411,619.711082,0.061158,0.230373
basic_jssp,la15,20x5,600.199867,619.312845,0.012859,0.246715
basic_jssp,la16,10x10,172.786059,102.216401,9.593836,0.846791
basic_jssp,la17,10x10,30.266152,64.556889,0.535704,0.565587
basic_jssp,la18,10x10,78.609434,63.933035,25.400893,0.483383
basic_jssp,la19,10x10,159.821352,71.809289,13.132425,0.470644
basic_jssp,la20,10x10,130.343677,65.697698,11.727979,0.356218
basic_jssp,small01,5x3,0.073668,0.349904,0.006258,0.019334
basic_jssp,small02,5x3,0.080007,0.411019,0.004469,0.040195
basic_jssp,small03,5x3,0.074412,0.362249,0.009372,0.024627
basic_jssp,small04,5x3,0.087563,0.3341,0.017299,0.015451
basic_jssp,small05,5x3,0.080735,0.347617,0.006086,0.026754
basic_jssp,small06,5x3,0.094755,0.341886,0.004397,0.014318
basic_jssp,small07,5x3,0.078828,0.348357,0.002011,0.02848
basic_jssp,small08,5x3,0.111207,0.355075,0.016269,0.035165
basic_jssp,small09,5x3,0.073734,0.380251,0.007643,0.024891
basic_jssp,small10,5x3,0.081957,0.352529,0.004286,0.011925
basic_jssp,small11,5x5,0.118555,1.375733,0.015945,0.072695
basic_jssp,small12,5x5,0.15203,1.369795,0.009987,0.089963
basic_jssp,small13,5x5,0.169539,1.325294,0.009988,0.066339
basic_jssp,small14,5x5,0.142911,1.335714,0.006996,0.051126
basic_jssp,small15,5x5,0.158644,1.363237,0.015052,0.07311
basic_jssp,small16,5x5,0.150589,1.356397,0.016486,0.08858
basic_jssp,small17,5x5,0.140494,1.284983,0.007241,0.078927
basic_jssp,small18,5x5,0.160845,1.355158,0.008856,0.088886
basic_jssp,small19,5x5,0.151495,1.310551,0.01025,0.082135
basic_jssp,small20,5x5,0.174551,1.327441,0.042998,0.055147
basic_jssp,small21,5x8,0.274985,5.315114,0.047382,0.075763
basic_jssp,small22,5x8,0.299953,5.358918,0.048651,0.144489
basic_jssp,small23,5x8,0.286926,5.38064,0.049542,0.110192
basic_jssp,small24,5x8,0.317481,5.346421,0.025165,0.123116
basic_jssp,small25,5x8,0.295627,5.465852,0.040757,0.186424
basic_jssp,small26,5x8,0.344855,5.432697,0.056564,0.155843
basic_jssp,small27,5x8,0.333345,5.54612,0.043454,0.203801
basic_jssp,small28,5x8,0.282969,5.305968,0.032919,0.123809
basic_jssp,small29,5x8,0.231568,5.295452,0.012153,0.061513
basic_jssp,small30,5x8,0.235546,5.370906,0.035652,0.090517
basic_jssp,small31,8x8,1.879444,15.038065,0.298773,0.187555
basic_jssp,small32,8x8,0.887194,14.013509,0.131581,0.14927
basic_jssp,small33,8x8,5.004708,17.579955,0.448225,0.224846
basic_jssp,small34,8x8,2.006267,15.420112,0.180574,0.123799
basic_jssp,small35,8x8,2.606408,16.110681,0.386642,0.154518
basic_jssp,small36,8x8,1.973695,15.432788,0.144963,0.14492
basic_jssp,small37,8x8,1.931655,15.607667,0.232214,0.125609
basic_jssp,small38,8x8,4.424409,16.737398,1.148254,0.111335
basic_jssp,small39,8x8,3.039966,16.545957,0.592972,0.2516
basic_jssp,small40,8x8,3.299982,17.770491,0.53051,0.524063
d_jssp,d_jssp001.json,5x3,0.095993,0.345856,0.236797,49.248773
d_jssp,d_jssp002.json,5x3,0.071549,0.385075,0.005375,0.039335
d_jssp,d_jssp003.json,5x3,0.075478,0.346548,0.006467,0.01437
d_jssp,d_jssp004.json,5x3,0.087987,0.348186,0.007523,0.015984
d_jssp,d_jssp005.json,5x3,0.076942,0.330795,0.007725,0.012431
d_jssp,d_jssp006.json,5x3,0.073208,0.314642,0.002665,0.013552
d_jssp,d_jssp007.json,5x3,0.068717,0.329895,0.001784,0.021703
d_jssp,d_jssp008.json,5x3,0.07302,0.340275,0.004872,0.01388
d_jssp,d_jssp009.json,5x3,0.073089,0.348883,0.004262,0.017442
d_jssp,d_jssp010.json,5x3,0.086371,0.324211,0.010518,0.018929
d_jssp,d_jssp011.json,5x5,0.120073,1.351464,0.010109,0.060566
d_jssp,d_jssp012.json,5x5,0.132062,1.234395,0.004236,0.075464
d_jssp,d_jssp013.json,5x5,0.130854,1.245285,0.007296,0.086626
d_jssp,d_jssp014.json,5x5,0.113749,1.301543,0.012125,0.081692
d_jssp,d_jssp015.json,5x5,0.14291,1.249189,0.005112,0.079066
d_jssp,d_jssp016.json,5x5,0.146506,1.356003,0.010827,0.085001
d_jssp,d_jssp017.json,5x5,0.111535,1.271464,0.009827,0.096493
d_jssp,d_jssp018.json,5x5,0.133504,1.282326,0.006848,0.078228
d_jssp,d_jssp019.json,5x5,0.133208,1.314799,0.009302,0.089828
d_jssp,d_jssp020.json,5x5,0.127526,1.326488,0.012825,0.062561
d_jssp,d_jssp021.json,5x8,0.295266,5.039962,0.062287,0.094446
d_jssp,d_jssp022.json,5x8,0.202976,4.954864,0.010022,0.046678
d_jssp,d_jssp023.json,5x8,0.268479,5.001863,0.042909,0.120879
d_jssp,d_jssp024.json,5x8,0.21205,4.885835,0.020229,0.054148
d_jssp,d_jssp025.json,5x8,0.242413,4.992303,0.048956,0.140159
d_jssp,d_jssp026.json,5x8,0.290003,5.014543,0.042557,0.038531
d_jssp,d_jssp027.json,5x8,0.281673,4.976577,0.03211,0.058397
d_jssp,d_jssp028.json,5x8,0.217887,4.993421,0.015051,0.114123
d_jssp,d_jssp029.json,5x8,0.255379,4.887282,0.031228,0.175424
d_jssp,d_jssp030.json,5x8,0.274544,4.988165,0.054906,0.053348
d_jssp,d_jssp031.json,8x8,1.415483,13.315409,0.096987,0.083573
d_jssp,d_jssp032.json,8x8,1.275132,12.869011,0.215754,0.086543
d_jssp,d_jssp033.json,8x8,3.197456,15.103121,0.548428,0.41961
d_jssp,d_jssp034.json,8x8,1.22963,16.263878,0.158032,1.233507
d_jssp,d_jssp035.json,8x8,1.31863,13.747829,0.237221,0.168711
d_jssp,d_jssp036.json,8x8,1.853796,13.876635,0.310859,0.224308
d_jssp,d_jssp037.json,8x8,1.119583,13.015948,0.389857,0.225021
d_jssp,d_jssp038.json,8x8,2.804794,13.302397,0.450661,0.127719
d_jssp,d_jssp039.json,8x8,1.927818,14.361619,0.262239,0.161761
d_jssp,d_jssp040.json,8x8,3.386597,14.240471,0.379985,0.160478
d_jssp,d_jssp041.json,10x5,4.523114,6.473553,0.400124,1.435648
d_jssp,d_jssp042.json,10x5,44.636674,6.308069,0.485163,0.104858
d_jssp,d_jssp043.json,10x5,17.446167,6.487628,1.671664,0.1063
d_jssp,d_jssp044.json,10x5,2.278054,4.991723,0.423917,0.090533
d_jssp,d_jssp045.json,10x5,2.846163,5.740083,0.196783,0.005658
d_jssp,d_jssp046.json,15x5,600.128918,28.368637,0.005086,0.199292
d_jssp,d_jssp047.json,15x5,600.142051,611.302698,0.050265,0.630224
d_jssp,d_jssp048.json,15x5,600.131244,85.794125,0.002313,0.169409
d_jssp,d_jssp049.json,15x5,600.141757,128.659831,0.052759,0.288646
d_jssp,d_jssp050.json,15x5,600.135478,611.298788,0.006895,0.5243
d_jssp,d_jssp051.json,20x5,600.190708,619.638695,0.017079,0.404305
d_jssp,d_jssp052.json,20x5,600.244842,619.531424,0.027616,0.383797
d_jssp,d_jssp053.json,20x5,1.164525,19.808389,0.039251,0.16135
d_jssp,d_jssp054.json,20x5,2.425763,19.591565,0.140155,0.224973
d_jssp,d_jssp055.json,20x5,26.26565,19.98114,3.129022,0.199323
d_jssp,d_jssp056.json,10x10,120.887624,67.161885,6.292282,0.632499
d_jssp,d_jssp057.json,10x10,20.968418,45.70686,0.700122,0.387846
d_jssp,d_jssp058.json,10x10,105.63645,47.160562,18.710309,0.324476
d_jssp,d_jssp059.json,10x10,55.379672,46.889661,13.055349,0.75023
d_jssp,d_jssp060.json,10x10,67.205043,46.16784,7.131045,0.478711
drc_jssp,drc_jssp001.json,5x3,0.258998,6.055312,0.239145,1.109383
drc_jssp,drc_jssp002.json,5x3,0.516094,4.041318,0.061662,0.130662
drc_jssp,drc_jssp003.json,5x3,0.18671,8.222038,0.004058,0.167237
drc_jssp,drc_jssp004.json,5x3,6.911078,25.968231,1.208951,0.325848
drc_jssp,drc_jssp005.json,5x3,0.271853,3.528481,0.023171,0.159195
drc_jssp,drc_jssp006.json,5x3,0.309295,3.471805,0.034158,0.21127
drc_jssp,drc_jssp007.json,5x3,0.18156,9.021262,0.00868,0.297658
drc_jssp,drc_jssp008.json,5x3,0.595625,11.281114,0.317695,0.235738
drc_jssp,drc_jssp009.json,5x3,0.174769,10.155497,0.00811,0.536964
drc_jssp,drc_jssp010.json,5x3,0.269989,1.382165,0.02441,0.109035
drc_jssp,drc_jssp011.json,5x5,0.445532,16.032287,0.032947,0.375034
drc_jssp,drc_jssp012.json,5x5,0.491402,602.616071,0.035866,0.160579
drc_jssp,drc_jssp013.json,5x5,0.35444,6.150806,0.039779,0.253509
drc_jssp,drc_jssp014.json,5x5,0.787806,6.259666,0.072485,0.247553
drc_jssp,drc_jssp015.json,5x5,1.257146,12.17595,0.078506,0.123713
drc_jssp,drc_jssp016.json,5x5,5.315861,15.215857,0.662702,0.589211
drc_jssp,drc_jssp017.json,5x5,0.512193,3.814368,0.066748,0.087048
drc_jssp,drc_jssp018.json,5x5,1.131929,33.187387,0.113882,0.610931
drc_jssp,drc_jssp019.json,5x5,37.439089,101.554292,11.282976,1.218002
drc_jssp,drc_jssp020.json,5x5,0.685773,19.144002,0.055929,0.518994
drc_jssp,drc_jssp021.json,5x8,8.963128,27.21049,1.028721,0.268004
drc_jssp,drc_jssp022.json,5x8,2.038251,311.528038,0.147243,2.917177
drc_jssp,drc_jssp023.json,5x8,24.498563,17.48186,5.426608,0.26345
drc_jssp,drc_jssp024.json,5x8,2.921917,19.089354,0.203676,0.435496
drc_jssp,drc_jssp025.json,5x8,6.73174,26.056391,0.746317,0.369514
drc_jssp,drc_jssp026.json,5x8,3.515428,16.416367,0.433486,0.302199
drc_jssp,drc_jssp027.json,5x8,43.66891,26.119746,7.713556,0.286356
drc_jssp,drc_jssp028.json,5x8,4.518339,30.801592,0.636035,0.581106
drc_jssp,drc_jssp029.json,5x8,12.487135,24.162704,1.808635,0.672876
drc_jssp,drc_jssp030.json,5x8,3.889729,19.090258,0.617757,0.450464
drc_jssp,drc_jssp031.json,8x8,12.251643,623.716254,4.005748,1.767873
drc_jssp,drc_jssp032.json,8x8,600.250805,620.877963,0.047963,0.312797
drc_jssp,drc_jssp033.json,8x8,43.236416,620.668348,11.30087,0.36526
drc_jssp,drc_jssp034.json,8x8,600.184767,623.011806,0.017033,1.251699
drc_jssp,drc_jssp035.json,8x8,600.307485,620.840027,0.024331,0.067466
drc_jssp,drc_jssp036.json,8x8,600.197936,620.575634,0.004426,0.244304
drc_jssp,drc_jssp037.json,8x8,4.801081,621.47639,0.491858,0.561458
drc_jssp,drc_jssp038.json,8x8,600.255926,621.272982,0.046532,0.181239
drc_jssp,drc_jssp039.json,8x8,600.343444,621.422253,0.00924,1.025171
drc_jssp,drc_jssp040.json,8x8,23.352097,621.621222,4.184524,0.733946
drc_jssp,drc_jssp041.json,10x5,95.797153,607.782676,9.119213,0.153232
drc_jssp,drc_jssp042.json,10x5,131.59884,608.012083,31.049195,0.15379
drc_jssp,drc_jssp043.json,10x5,3.339619,608.127067,0.458075,0.187068
drc_jssp,drc_jssp044.json,10x5,4.962556,608.041526,0.822219,0.192954
drc_jssp,drc_jssp045.json,10x5,600.166033,607.630122,0.010408,0.160394
drc_jssp,drc_jssp046.json,15x5,165.085357,617.501377,25.469695,0.143894
drc_jssp,drc_jssp047.json,15x5,17.432529,617.179376,2.708544,0.359867
drc_jssp,drc_jssp048.json,15x5,3.924701,616.993674,0.080174,0.241734
drc_jssp,drc_jssp049.json,15x5,21.217263,617.114205,4.697389,0.236569
drc_jssp,drc_jssp050.json,15x5,9.933996,617.136094,2.074042,0.225874
f_jssp,f_jssp001.json,5x3,0.310088,0.359681,0.091106,0.820994
f_jssp,f_jssp002.json,5x3,0.966488,0.52344,0.148928,0.014275
f_jssp,f_jssp003.json,5x3,0.281018,0.345479,0.042401,0.030448
f_jssp,f_jssp004.json,5x3,0.581556,0.468791,0.100801,0.04671
f_jssp,f_jssp005.json,5x3,0.622352,0.867879,0.098066,0.118095
f_jssp,f_jssp006.json,5x3,0.197959,0.41338,0.004685,0.02599
f_jssp,f_jssp007.json,5x3,1.252829,0.480698,0.193879,0.032663
f_jssp,f_jssp008.json,5x3,0.70511,0.412172,0.061408,0.020333
f_jssp,f_jssp009.json,5x3,0.444995,0.399403,0.049552,0.027496
f_jssp,f_jssp010.json,5x3,0.348931,0.387333,0.10728,0.013747
f_jssp,f_jssp011.json,5x5,1.734297,1.943678,0.213925,0.072612
f_jssp,f_jssp012.json,5x5,1.474263,1.721482,0.298261,0.03329
f_jssp,f_jssp013.json,5x5,0.7446,1.43078,0.104768,0.048776
f_jssp,f_jssp014.json,5x5,1.386224,1.491606,0.344785,0.024232
f_jssp,f_jssp015.json,5x5,2.005131,1.822441,0.423095,0.027258
f_jssp,f_jssp016.json,5x5,1.588057,2.950231,0.129308,0.032217
f_jssp,f_jssp017.json,5x5,0.839951,1.324243,0.119558,0.050242
f_jssp,f_jssp018.json,5x5,0.945431,1.716649,0.174357,0.034784
f_jssp,f_jssp019.json,5x5,1.020281,1.615559,0.160098,0.053189
f_jssp,f_jssp020.json,5x5,0.81801,1.374232,0.084197,0.023654
f_jssp,f_jssp021.json,5x8,8.253944,6.321616,0.507493,0.113071
f_jssp,f_jssp022.json,5x8,5.176743,6.516506,0.426662,0.73244
f_jssp,f_jssp023.json,5x8,5.95396,5.9767,0.769834,0.122478
f_jssp,f_jssp024.json,5x8,3.265536,6.35414,0.379775,0.125516
f_jssp,f_jssp025.json,5x8,3.532826,5.526009,0.251682,0.088377
f_jssp,f_jssp026.json,5x8,6.362538,6.170438,0.77266,0.074492
f_jssp,f_jssp027.json,5x8,4.773425,6.867114,0.705719,0.776728
f_jssp,f_jssp028.json,5x8,5.767308,6.217832,1.026552,0.11447
f_jssp,f_jssp029.json,5x8,8.293537,6.255337,1.37181,0.174839
f_jssp,f_jssp030.json,5x8,8.347394,6.229115,0.4941,0.234887
f_jssp,f_jssp031.json,8x8,285.75343,107.905143,83.416816,0.237547
f_jssp,f_jssp032.json,8x8,110.919451,33.79477,52.018774,0.146849
f_jssp,f_jssp033.json,8x8,145.172174,15.662406,79.958145,0.063485
f_jssp,f_jssp034.json,8x8,332.854179,82.575802,34.162849,0.417459
f_jssp,f_jssp035.json,8x8,318.412857,41.295711,97.389736,0.219261
f_jssp,f_jssp036.json,8x8,435.878144,65.451252,89.773243,0.487838
f_jssp,f_jssp037.json,8x8,89.229423,32.770308,63.216478,0.228471
f_jssp,f_jssp038.json,8x8,201.253728,38.697689,66.921592,0.154943
f_jssp,f_jssp039.json,8x8,469.971267,134.001114,56.499961,0.396888
f_jssp,f_jssp040.json,8x8,128.832774,35.278245,43.91074,0.187422
f_jssp,f_jssp041.json,10x5,600.472126,604.85942,0.160311,0.102546
f_jssp,f_jssp042.json,10x5,600.535066,604.978021,0.579192,0.363081
f_jssp,f_jssp043.json,10x5,600.211216,604.908785,0.089344,0.104943
f_jssp,f_jssp044.json,10x5,600.229481,142.205063,0.169027,1.32326
f_jssp,f_jssp045.json,10x5,600.339546,604.859927,0.137311,0.065806
f_jssp,f_jssp046.json,15x5,600.418413,610.765908,0.042858,0.188633
f_jssp,f_jssp047.json,15x5,600.397501,610.827207,0.021765,0.178875
f_jssp,f_jssp048.json,15x5,600.439218,610.862946,0.246445,1.1653
f_jssp,f_jssp049.json,15x5,600.397777,610.839363,0.027705,0.247753
f_jssp,f_jssp050.json,15x5,600.35531,610.902123,0.13566,0.169305
r_jssp,r_jssp001.json,5x3,0.083687,0.338454,0.003503,0.015542
r_jssp,r_jssp002.json,5x3,0.086308,0.3282,0.002119,0.035227
r_jssp,r_jssp003.json,5x3,0.078856,0.340421,0.003348,0.00724
r_jssp,r_jssp004.json,5x3,0.07975,0.321968,0.01094,0.030874
r_jssp,r_jssp005.json,5x3,0.075849,0.337299,0.00218,0.018803
r_jssp,r_jssp006.json,5x3,0.080156,0.350476,0.002005,0.026087
r_jssp,r_jssp007.json,5x3,0.076989,0.342477,0.003577,0.010429
r_jssp,r_jssp008.json,5x3,0.083652,0.338774,0.003788,0.019943
r_jssp,r_jssp009.json,5x3,0.077822,0.337305,0.00954,0.022987
r_jssp,r_jssp010.json,5x3,0.07845,0.335382,0.001733,0.030186
r_jssp,r_jssp011.json,5x5,0.101373,1.338972,0.007585,0.076059
r_jssp,r_jssp012.json,5x5,0.136858,1.333893,0.017938,0.055476
r_jssp,r_jssp013.json,5x5,0.167362,1.426501,0.016068,0.071181
r_jssp,r_jssp014.json,5x5,0.151518,1.371396,0.01623,0.081788
r_jssp,r_jssp015.json,5x5,0.159523,1.339169,0.022364,0.063022
r_jssp,r_jssp016.json,5x5,0.132454,1.359724,0.01213,0.087115
r_jssp,r_jssp017.json,5x5,0.145329,1.302346,0.007603,0.080115
r_jssp,r_jssp018.json,5x5,0.141288,1.350011,0.057419,0.085675
r_jssp,r_jssp019.json,5x5,0.132462,1.380687,0.004576,0.063952
r_jssp,r_jssp020.json,5x5,0.14365,1.356803,0.006988,0.096251
r_jssp,r_jssp021.json,5x8,0.276083,5.375804,0.067253,0.135822
r_jssp,r_jssp022.json,5x8,0.301703,5.293365,0.013987,0.098264
r_jssp,r_jssp023.json,5x8,0.342255,5.401277,0.05223,0.089031
r_jssp,r_jssp024.json,5x8,0.263038,5.406319,0.025654,0.087299
r_jssp,r_jssp025.json,5x8,0.263393,5.375093,0.045744,0.077752
r_jssp,r_jssp026.json,5x8,0.313164,5.297086,0.048971,0.162877
r_jssp,r_jssp027.json,5x8,0.443663,5.945858,0.094733,0.085452
r_jssp,r_jssp028.json,5x8,0.286183,5.327312,0.025099,0.089972
r_jssp,r_jssp029.json,5x8,0.231573,5.356638,0.046804,0.14799
r_jssp,r_jssp030.json,5x8,0.274893,5.344237,0.04682,0.137646
r_jssp,r_jssp031.json,8x8,1.838346,13.962984,0.231661,0.067843
r_jssp,r_jssp032.json,8x8,1.810539,14.159185,0.267457,0.173912
r_jssp,r_jssp033.json,8x8,1.520376,14.855005,0.168049,0.184076
r_jssp,r_jssp034.json,8x8,1.546788,15.353274,0.188544,0.101509
r_jssp,r_jssp035.json,8x8,1.624345,15.103585,0.16514,0.123797
r_jssp,r_jssp036.json,8x8,1.578563,14.702672,0.345891,0.140325
r_jssp,r_jssp037.json,8x8,1.905004,15.941096,0.201006,0.154639
r_jssp,r_jssp038.json,8x8,3.440866,16.470909,0.229066,0.104436
r_jssp,r_jssp039.json,8x8,1.943339,15.120002,0.273499,0.198614
r_jssp,r_jssp040.json,8x8,3.102947,16.755171,0.466366,0.138356
r_jssp,r_jssp041.json,10x5,45.248067,14.731673,6.79414,0.767093
r_jssp,r_jssp042.json,10x5,18.279166,11.321751,2.339376,0.067084
r_jssp,r_jssp043.json,10x5,194.309291,15.367113,31.918269,0.009349
r_jssp,r_jssp044.json,10x5,12.183921,6.194677,2.449735,0.039595
r_jssp,r_jssp045.json,10x5,7.753704,13.733049,0.688602,0.097187
r_jssp,r_jssp046.json,15x5,600.146327,610.863293,0.082303,0.350448
r_jssp,r_jssp047.json,15x5,600.125401,610.782717,0.002221,0.228764
r_jssp,r_jssp048.json,15x5,600.142037,610.845687,0.004036,0.967687
r_jssp,r_jssp049.json,15x5,600.136215,610.624732,0.060378,0.239314
r_jssp,r_jssp050.json,15x5,600.129736,610.701777,0.007813,0.088339
r_jssp,r_jssp051.json,20x5,600.200497,620.186023,0.006477,0.338989
r_jssp,r_jssp052.json,20x5,600.228249,619.990195,0.133508,0.277602
r_jssp,r_jssp053.json,20x5,600.276902,619.941265,0.044311,0.340119
r_jssp,r_jssp054.json,20x5,600.193033,620.050053,0.017347,0.39326
r_jssp,r_jssp055.json,20x5,600.208272,619.992826,0.006869,0.414535
r_jssp,r_jssp056.json,10x10,187.848028,95.290501,2.911549,0.595213
r_jssp,r_jssp057.json,10x10,42.466179,69.645036,1.988629,0.71255
r_jssp,r_jssp058.json,10x10,27.840987,57.220803,2.626941,0.721446
r_jssp,r_jssp059.json,10x10,170.286329,51.610876,23.893546,0.668523
r_jssp,r_jssp060.json,10x10,20.448506,57.976772,7.666037,0.596471
sdst_jssp,sdst_jssp001.json,5x3,0.079751,0.631368,0.001918,0.121347
sdst_jssp,sdst_jssp002.json,5x3,0.081882,0.716063,0.008876,0.078032
sdst_jssp,sdst_jssp003.json,5x3,0.078152,0.463563,0.006166,0.097165
sdst_jssp,sdst_jssp004.json,5x3,0.08264,0.590645,0.003484,0.172462
sdst_jssp,sdst_jssp005.json,5x3,0.082898,0.545266,0.003753,0.114847
sdst_jssp,sdst_jssp006.json,5x3,0.082295,0.531192,0.003109,0.07387
sdst_jssp,sdst_jssp007.json,5x3,0.07693,0.515429,0.001356,0.138061
sdst_jssp,sdst_jssp008.json,5x3,0.087576,0.683057,0.001186,0.086421
sdst_jssp,sdst_jssp009.json,5x3,0.09173,0.749509,0.006668,0.103058
sdst_jssp,sdst_jssp010.json,5x3,0.086707,0.842911,0.010802,0.097814
sdst_jssp,sdst_jssp011.json,5x5,0.200851,1.686854,0.043673,0.063671
sdst_jssp,sdst_jssp012.json,5x5,0.15193,1.514166,0.018535,0.060513
sdst_jssp,sdst_jssp013.json,5x5,0.144326,2.039395,0.021692,0.066694
sdst_jssp,sdst_jssp014.json,5x5,0.148133,2.080829,0.023619,0.154676
sdst_jssp,sdst_jssp015.json,5x5,0.146528,1.874462,0.01887,0.094089
sdst_jssp,sdst_jssp016.json,5x5,0.122035,1.223693,0.029998,0.068237
sdst_jssp,sdst_jssp017.json,5x5,0.147722,1.537695,0.008303,0.085917
sdst_jssp,sdst_jssp018.json,5x5,0.182484,1.924038,0.013907,0.111442
sdst_jssp,sdst_jssp019.json,5x5,0.163286,2.841102,0.024251,0.153642
sdst_jssp,sdst_jssp020.json,5x5,0.143939,1.630563,0.012657,0.079937
sdst_jssp,sdst_jssp021.json,5x8,0.322014,6.589908,0.057351,0.028437
sdst_jssp,sdst_jssp022.json,5x8,0.265008,5.099773,0.031131,0.093369
sdst_jssp,sdst_jssp023.json,5x8,0.325354,6.53326,0.043521,0.042773
sdst_jssp,sdst_jssp024.json,5x8,0.356758,5.650952,0.059848,0.064456
sdst_jssp,sdst_jssp025.json,5x8,0.371353,6.864002,0.065915,0.066286
sdst_jssp,sdst_jssp026.json,5x8,0.287575,5.709723,0.043523,0.063434
sdst_jssp,sdst_jssp027.json,5x8,0.504534,13.939152,0.13689,0.156521
sdst_jssp,sdst_jssp028.json,5x8,0.371753,5.551079,0.040911,0.053765
sdst_jssp,sdst_jssp029.json,5x8,0.386055,6.027961,0.094337,0.106736
sdst_jssp,sdst_jssp030.json,5x8,0.290577,5.915295,0.045834,0.056846
sdst_jssp,sdst_jssp031.json,8x8,2.312239,51.200417,0.632786,1.351177
sdst_jssp,sdst_jssp032.json,8x8,1.976976,80.58171,0.406898,0.891466
sdst_jssp,sdst_jssp033.json,8x8,9.826778,608.697799,2.54623,0.303227
sdst_jssp,sdst_jssp034.json,8x8,3.476861,318.976575,0.220263,0.343894
sdst_jssp,sdst_jssp035.json,8x8,3.680703,608.689138,1.11485,0.05135
sdst_jssp,sdst_jssp036.json,8x8,3.174317,608.603472,0.500254,0.183137
sdst_jssp,sdst_jssp037.json,8x8,3.609243,608.654775,0.652883,0.247864
sdst_jssp,sdst_jssp038.json,8x8,8.706548,608.825818,1.855843,0.240893
sdst_jssp,sdst_jssp039.json,8x8,3.364258,608.786,1.061413,0.144286
sdst_jssp,sdst_jssp040.json,8x8,4.876113,608.516238,0.850765,0.240231
sdst_jssp,sdst_jssp041.json,10x5,74.547995,603.693444,9.334588,0.907758
sdst_jssp,sdst_jssp042.json,10x5,157.105912,603.509816,1.866659,0.144306
sdst_jssp,sdst_jssp043.json,10x5,506.057138,603.921359,26.274151,0.355637
sdst_jssp,sdst_jssp044.json,10x5,469.395644,603.771919,35.258242,0.292885
sdst_jssp,sdst_jssp045.json,10x5,94.352927,603.707802,6.223145,0.272021
sdst_jssp,sdst_jssp046.json,15x5,600.150827,607.452457,0.06518,0.121692
sdst_jssp,sdst_jssp047.json,15x5,600.178517,607.443056,0.035156,0.149259
sdst_jssp,sdst_jssp048.json,15x5,600.156197,607.536961,0.011063,0.198359
sdst_jssp,sdst_jssp049.json,15x5,600.152105,607.49984,0.010378,0.171439
sdst_jssp,sdst_jssp050.json,15x5,600.145864,607.733132,0.033515,0.239025
t_jssp,t_jssp001.json,5x3,0.104063,0.415462,0.321055,0.918424
t_jssp,t_jssp002.json,5x3,0.079172,0.392624,0.001673,0.032558
t_jssp,t_jssp003.json,5x3,0.076713,0.308184,0.002247,0.010736
t_jssp,t_jssp004.json,5x3,0.077059,0.340716,0.014787,0.013832
t_jssp,t_jssp005.json,5x3,0.082978,0.312927,0.004393,0.010893
t_jssp,t_jssp006.json,5x3,0.080285,0.298048,0.002145,0.01824
t_jssp,t_jssp007.json,5x3,0.077044,0.342241,0.001109,0.027906
t_jssp,t_jssp008.json,5x3,0.085606,0.329242,0.002946,0.03222
t_jssp,t_jssp009.json,5x3,0.076123,0.329039,0.00132,0.01407
t_jssp,t_jssp010.json,5x3,0.087648,0.336168,0.007337,0.010725
t_jssp,t_jssp011.json,5x5,0.139885,1.391376,0.00278,0.05952
t_jssp,t_jssp012.json,5x5,0.154418,1.314688,0.001497,0.060703
t_jssp,t_jssp013.json,5x5,0.145991,1.366355,0.006825,0.095812
t_jssp,t_jssp014.json,5x5,0.138168,1.355085,0.002259,0.089023
t_jssp,t_jssp015.json,5x5,0.149279,1.402045,0.003379,0.113149
t_jssp,t_jssp016.json,5x5,0.140885,1.316887,0.002951,0.070154
t_jssp,t_jssp017.json,5x5,0.147073,1.384607,0.007649,0.062578
t_jssp,t_jssp018.json,5x5,0.154086,1.477569,0.0042,0.07659
t_jssp,t_jssp019.json,5x5,0.134662,1.310781,0.008781,0.089876
t_jssp,t_jssp020.json,5x5,0.133802,1.302295,0.002923,0.049575
t_jssp,t_jssp021.json,5x8,0.266742,5.281035,0.02742,0.105909
t_jssp,t_jssp022.json,5x8,0.277692,5.505018,0.007669,0.268541
t_jssp,t_jssp023.json,5x8,0.236036,5.29578,0.011823,0.105126
t_jssp,t_jssp024.json,5x8,0.286809,5.369629,0.032955,0.115359
t_jssp,t_jssp025.json,5x8,0.283868,5.32641,0.040492,0.146325
t_jssp,t_jssp026.json,5x8,0.208589,5.344064,0.017342,0.142176
t_jssp,t_jssp027.json,5x8,0.293429,5.486056,0.020986,0.076147
t_jssp,t_jssp028.json,5x8,0.213378,5.301914,0.012009,0.136368
t_jssp,t_jssp029.json,5x8,0.203803,5.306372,0.004217,0.125764
t_jssp,t_jssp030.json,5x8,0.19376,5.366696,0.004119,0.154865
t_jssp,t_jssp031.json,8x8,1.958073,14.202395,0.332397,0.096242
t_jssp,t_jssp032.json,8x8,1.553097,14.396012,0.239688,0.190644
t_jssp,t_jssp033.json,8x8,3.515331,16.077419,0.295646,0.185655
t_jssp,t_jssp034.json,8x8,0.990654,15.477948,0.247305,0.241934
t_jssp,t_jssp035.json,8x8,2.450751,15.94045,0.346957,0.03805
t_jssp,t_jssp036.json,8x8,2.089454,15.864564,0.40201,0.106783
t_jssp,t_jssp037.json,8x8,1.485255,14.635569,0.146886,0.084874
t_jssp,t_jssp038.json,8x8,4.904266,16.488984,0.606426,0.085767
t_jssp,t_jssp039.json,8x8,1.885137,15.800104,0.48584,0.149085
t_jssp,t_jssp040.json,8x8,1.75702,16.455939,0.37669,0.086596
t_jssp,t_jssp041.json,10x5,39.862506,22.561968,0.370913,0.968524
t_jssp,t_jssp042.json,10x5,101.52994,23.352272,3.331231,0.234883
t_jssp,t_jssp043.json,10x5,358.721013,17.482568,19.676773,0.194705
t_jssp,t_jssp044.json,10x5,233.72931,23.032172,19.342906,0.023682
t_jssp,t_jssp045.json,10x5,64.075681,19.643718,1.173546,0.033938
t_jssp,t_jssp046.json,15x5,600.160054,610.814914,0.012362,0.163455
t_jssp,t_jssp047.json,15x5,600.142259,611.046231,0.034488,0.198878
t_jssp,t_jssp048.json,15x5,600.147179,610.617189,0.01231,0.232498
t_jssp,t_jssp049.json,15x5,600.130202,610.930625,0.020086,0.244094
t_jssp,t_jssp050.json,15x5,600.140044,610.974738,0.031297,0.253523
t_jssp,t_jssp051.json,20x5,600.189886,619.516193,0.012306,0.347716
t_jssp,t_jssp052.json,20x5,600.1893,619.375654,0.011598,0.302723
t_jssp,t_jssp053.json,20x5,600.225128,619.484533,0.025574,0.440136
t_jssp,t_jssp054.json,20x5,600.186189,619.367512,0.01487,0.328654
t_jssp,t_jssp055.json,20x5,600.197727,619.700373,0.00677,0.319599
t_jssp,t_jssp056.json,10x10,135.658955,81.880235,5.789938,0.465691
t_jssp,t_jssp057.json,10x10,27.761022,61.410781,4.320374,0.665871
t_jssp,t_jssp058.json,10x10,125.927543,62.739105,10.314094,0.500706
t_jssp,t_jssp059.json,10x10,55.490218,60.977298,7.934208,0.395419
t_jssp,t_jssp060.json,10x10,61.121455,56.960154,8.99151,0.657094
